index,module,topic,color,feed,term,created,country,ratio,counter,pages,language,ipcc,continent
'044df3fa36',extremes,Thunderstorm,#53785a,wmo,hudo vreme slovenija jugozahod,2026-05-27T06:46:00+00:00,Slovenia,0.4561663733960352,2,1,sl,WCE,Europe
'79ba421297',extremes,Storm,#b3b2b1,wmo,nevihta slovenija morje,2026-06-14T07:07:00+00:00,Slovenia,0.4526943523421485,2,1,sl,WCE,Europe
'2cd0269eff',extremes,Thunderstorm,#53785a,wmo,nevihta slovenija jugovzhod,2026-06-14T07:07:00+00:00,Slovenia,0.43540532760006095,2,1,sl,WCE,Europe
'5effaca307',extremes,Drought,#edc291,edo,suša slovenija,2026-06-08T07:13:00+00:00,Slovenia,0.3950266431529545,2,1,sl,WCE,Europe
'078f424c45',extremes,Storm,#b3b2b1,wmo,nevihta leibnitz,2026-06-14T07:07:00+00:00,Austria,0.3563658667156777,1,1,sl,WCE,Europe
'35e78162e2',extremes,Storm,#b3b2b1,wmo,storm surge villach land,2026-06-14T07:07:00+00:00,Austria,0.3563419644274185,1,1,sl,WCE,Europe
'8a1a9038c3',extremes,Storm,#b3b2b1,random,snežni metež,2026-06-14T07:06:00+00:00,,0.3216877743345158,1,1,sl,,
'd66f2cf461',extremes,Thunderstorm,#53785a,wmo,nevihta graz stadt,2026-06-14T07:07:00+00:00,Austria,0.3121268194828991,2,1,sl,WCE,Europe
'980a973102',extremes,Tropical Cyclone,#4f4f4f,random,ciklon bombe,2026-06-14T07:06:00+00:00,,0.3108829597266327,1,1,sl,,
'72e2a0cc17',extremes,Thunderstorm,#53785a,wmo,nevihta sankt veit an der glan,2026-06-14T07:07:00+00:00,Austria,0.3015774092322248,1,1,sl,WCE,Europe
'cf79e36ea7',extremes,Thunderstorm,#53785a,wmo,toča slovenija,2026-06-08T07:13:00+00:00,Slovenia,0.2999164518115702,4,1,sl,WCE,Europe
'7b389df850',extremes,Storm,#b3b2b1,wmo,nevihta slovenija,2026-05-26T06:31:00+00:00,Slovenia,0.287392927615213,5,1,sl,WCE,Europe
'd587c21e0d',extremes,Tropical Cyclone,#4f4f4f,random,orkan,2026-06-12T07:05:00+00:00,,0.2832778263687274,2,1,sl,,
'4d5705c676',extremes,Drought,#edc291,edo,pomanjkanje dežja avstrija,2026-06-12T07:05:00+00:00,Austria,0.2831253177389912,1,1,sl,WCE,Europe
'71aee81e61',extremes,Storm,#b3b2b1,wmo,nevihtni val lazio,2026-06-11T07:14:00+00:00,Italy,0.2828570649928171,1,1,sl,MED,Europe
'075cc3fe36',extremes,Thunderstorm,#53785a,wmo,hudo vreme italija,2026-05-31T06:40:00+00:00,Italy,0.2827133626476968,1,1,sl,MED,Europe
'f1a3bf7ff5',extremes,Precipitation,#d60d2b,wmo,padavine spittal an der drau,2026-06-10T06:49:00+00:00,Austria,0.2801633398361455,2,1,sl,WCE,Europe
'4f9a8ebb25',extremes,Snow&Ice,#d60d2b,random,nočni mraz,2026-06-12T07:05:00+00:00,,0.2795166215211877,2,1,sl,,
'ff1c2a8ede',extremes,Precipitation,#d60d2b,wmo,nalivi leoben,2026-06-10T06:49:00+00:00,Austria,0.2779982699427087,2,1,sl,WCE,Europe
'e8595ed04e',extremes,Precipitation,#d60d2b,wmo,nalivi murau,2026-06-10T06:49:00+00:00,Austria,0.2744340878922298,2,1,sl,WCE,Europe
'cf87dae24d',extremes,Precipitation,#d60d2b,wmo,naliv lienz,2026-06-10T06:49:00+00:00,Austria,0.2739968056240838,2,1,sl,WCE,Europe
'3f85507ee1',extremes,Flood,#030ba1,wmo,poplava slovenije,2026-06-11T07:14:00+00:00,Slovenia,0.2739184695657202,6,1,sl,WCE,Europe
'652fbc3365',extremes,Precipitation,#d60d2b,wmo,naliv imst,2026-06-10T06:49:00+00:00,Austria,0.2736933345690238,2,1,sl,WCE,Europe
'ee63b257d5',extremes,Tropical Cyclone,#4f4f4f,random,tropska nevihta,2026-06-13T06:38:00+00:00,,0.2732795090696418,2,1,sl,,
'2e21e5c266',extremes,Thunderstorm,#53785a,wmo,nevihta gänserndorf,2026-06-09T06:32:00+00:00,Austria,0.2717999422190268,2,1,sl,WCE,Europe
'84febdd06c',extremes,Thunderstorm,#53785a,random,nevihta,2026-06-10T06:49:00+00:00,,0.2704964692375092,2,1,sl,,
'e37b1ffa16',extremes,Heat Wave,#c40202,wmo,vročinski val wels land,2026-05-24T06:22:00+00:00,Austria,0.2700584163521349,4,1,sl,WCE,Europe
'e03b072c62',extremes,Thunderstorm,#53785a,wmo,toča wien alsergrund,2026-06-09T06:32:00+00:00,Austria,0.2699536287079447,3,1,sl,WCE,Europe
'3be8db0328',extremes,Flood,#030ba1,wmo,poplava spodnja drava,2026-06-11T07:14:00+00:00,Slovenia,0.2697027744747775,6,1,sl,WCE,Europe
'174bbfe494',extremes,Heat Wave,#c40202,wmo,vročinski val braunau am inn,2026-05-24T06:22:00+00:00,Austria,0.2688117889995799,4,1,sl,WCE,Europe
'74a2ec1b7d',extremes,Storm,#b3b2b1,wmo,nevihtni val leoben,2026-06-08T07:13:00+00:00,Austria,0.2687301901560835,3,1,sl,WCE,Europe
'c89cd579b4',extremes,Flood,#030ba1,wmo,flashflood zgornja drava,2026-06-11T07:14:00+00:00,Slovenia,0.2674261023535317,6,1,sl,WCE,Europe
'1de161b756',extremes,Heat Wave,#c40202,wmo,vročinski val hartberg fürstenfeld,2026-05-24T06:22:00+00:00,Austria,0.267328626115929,4,1,sl,WCE,Europe
'9b897d5a77',extremes,Storm,#b3b2b1,wmo,storm surge slovenija osrednja,2026-06-10T06:49:00+00:00,Slovenia,0.2665849057556945,5,1,sl,WCE,Europe
'31d5ad5d7f',extremes,Heat Wave,#c40202,wmo,vročinski val wolfsberg,2026-05-25T06:53:00+00:00,Austria,0.2663159614825955,4,1,sl,WCE,Europe
'17b0136195',extremes,Heat Wave,#c40202,wmo,vročinski val völkermarkt,2026-05-24T06:22:00+00:00,Austria,0.2663072512922903,4,1,sl,WCE,Europe
'2009fba247',extremes,Heat Wave,#c40202,wmo,vročinski val sankt veit an der glan,2026-05-25T06:53:00+00:00,Austria,0.2662192654087644,4,1,sl,WCE,Europe
'4a9dee2eb3',extremes,Heat Wave,#c40202,wmo,vročinski val jennersdorf,2026-05-24T06:22:00+00:00,Austria,0.2655926887408656,4,1,sl,WCE,Europe
'df46726351',extremes,Precipitation,#d60d2b,wmo,nalivi avstrija,2026-06-09T06:32:00+00:00,Austria,0.265343371934725,3,1,sl,WCE,Europe
'eaf058ee04',extremes,Storm,#b3b2b1,wmo,nevihta villach land,2026-06-08T07:13:00+00:00,Austria,0.2646020253331291,3,1,sl,WCE,Europe
'8eef12189e',extremes,Storm,#b3b2b1,wmo,nevihtni val wien floridsdorf,2026-06-08T07:13:00+00:00,Austria,0.2626853782856758,3,1,sl,WCE,Europe
'aedb48a75b',extremes,Thunderstorm,#53785a,wmo,hudo vreme wien rudolfsheim fünfhaus,2026-06-08T07:13:00+00:00,Austria,0.2623845088325718,3,1,sl,WCE,Europe
'77a5052457',extremes,Storm,#b3b2b1,wmo,nevihta neusiedl am glej,2026-06-09T06:32:00+00:00,Austria,0.2620388181847438,3,1,sl,WCE,Europe
'ba00c39ed9',extremes,Thunderstorm,#53785a,wmo,toča wien penzing,2026-06-09T06:32:00+00:00,Austria,0.2611346882667649,3,1,sl,WCE,Europe
'aebece3a58',extremes,Thunderstorm,#53785a,wmo,hudo vreme slovenija jugovzhod,2026-05-30T06:01:00+00:00,Slovenia,0.2610733910046936,4,1,sl,WCE,Europe
'0b1d01b86b',extremes,Thunderstorm,#53785a,wmo,nevihta dežela Sankt Pölten,2026-06-08T07:13:00+00:00,Austria,0.2610354183725217,2,1,sl,WCE,Europe
'56882a4101',extremes,Heat Wave,#c40202,wmo,vročinski val mattersburg,2026-05-26T06:31:00+00:00,Austria,0.2609863181302252,4,1,sl,WCE,Europe
'c3d0e3b068',extremes,Snow&Ice,#d60d2b,random,zmrzovanje,2026-06-11T07:14:00+00:00,,0.2603873399021119,2,1,sl,,
'7511d1851e',extremes,Thunderstorm,#53785a,wmo,nevihta wien favoriten,2026-06-09T06:32:00+00:00,Austria,0.2600046831825802,3,1,sl,WCE,Europe
'fe93b004f0',extremes,Storm,#b3b2b1,wmo,nevihtni val wien brigittenau,2026-06-08T07:13:00+00:00,Austria,0.259941387271236,3,1,sl,WCE,Europe
'e67157887e',extremes,Drought,#edc291,edo,suhost slovenija,2026-06-03T07:23:00+00:00,Slovenia,0.2585905239938802,4,1,sl,WCE,Europe
'a98c3b7a2c',extremes,Heat Wave,#c40202,wmo,vročinski val steyr land,2026-05-26T06:31:00+00:00,Austria,0.2585064192173444,4,1,sl,WCE,Europe
'32e74ad8ff',extremes,Heat Wave,#c40202,wmo,vročinski val molise,2026-06-10T06:49:00+00:00,Italy,0.2584267773507249,2,1,sl,MED,Europe
'b6cef22543',extremes,Drought,#edc291,random,omejitev vode,2026-06-08T07:13:00+00:00,,0.2584247703801995,2,1,sl,,
'2dba38a32e',extremes,Thunderstorm,#53785a,wmo,hudo vreme slovenija,2026-06-09T06:32:00+00:00,Slovenia,0.2583254638755731,5,1,sl,WCE,Europe
'643ecbd19b',extremes,Thunderstorm,#53785a,wmo,hudo vreme slovenija severozahod,2026-05-30T06:01:00+00:00,Slovenia,0.2576026632056739,6,1,sl,WCE,Europe
'48b7df133f',extremes,Heat Wave,#c40202,wmo,vročinski val melk,2026-05-26T06:31:00+00:00,Austria,0.2570354651994211,4,1,sl,WCE,Europe
'de3b36bacb',extremes,Thunderstorm,#53785a,random,hudo vreme,2026-06-12T07:05:00+00:00,,0.2569552438500454,2,1,sl,,
'839a5b47c5',extremes,Thunderstorm,#53785a,wmo,nevihta slovenija osrednja,2026-05-27T06:46:00+00:00,Slovenia,0.2567310851186482,4,1,sl,WCE,Europe
'eaad381aab',extremes,Thunderstorm,#53785a,wmo,nevihta slovenija severozahod,2026-05-28T06:38:00+00:00,Slovenia,0.256255197204898,4,1,sl,WCE,Europe
'28b262a6d3',extremes,Thunderstorm,#53785a,wmo,toča wien margareten,2026-06-08T07:13:00+00:00,Austria,0.256111988993489,2,1,sl,WCE,Europe
'c8bad6097f',extremes,Heat Wave,#c40202,wmo,basilicata vročinski val,2026-06-09T06:32:00+00:00,Italy,0.2557881868752811,2,1,sl,MED,Europe
'c1ece6a9e9',extremes,Heat Wave,#c40202,wmo,vročinski val tulln,2026-05-26T06:31:00+00:00,Austria,0.2557817541258159,4,1,sl,WCE,Europe
'40878346ab',extremes,Heat Wave,#c40202,wmo,toplotni val baden,2026-05-26T06:31:00+00:00,Austria,0.2544927027446578,4,1,sl,WCE,Europe
'33db445b97',extremes,Heat Wave,#c40202,wmo,vročinski val klagenfurt stadt,2026-05-26T06:31:00+00:00,Austria,0.2538807568793209,4,1,sl,WCE,Europe
'dd14e97d87',extremes,Heat Wave,#c40202,wmo,vročinski val oberwart,2026-05-26T06:31:00+00:00,Austria,0.2536116561394799,4,1,sl,WCE,Europe
'877d8121d6',extremes,Thunderstorm,#53785a,wmo,hudo vreme slovenija osrednje,2026-06-13T06:38:00+00:00,Slovenia,0.2535690878505977,4,1,sl,WCE,Europe
'89f15fd629',extremes,Thunderstorm,#53785a,wmo,nevihta slovenija severovzhod,2026-05-31T06:40:00+00:00,Slovenia,0.2535471668077292,4,1,sl,WCE,Europe
'deaa4b70a0',extremes,Storm,#b3b2b1,random,peščeni vihar,2026-06-09T06:32:00+00:00,,0.2529632069682813,2,1,sl,,
'2f30862216',extremes,Drought,#edc291,edo,suho obdobje v avstriji,2026-05-19T06:33:00+00:00,Austria,0.2524227112722167,4,1,sl,WCE,Europe
'baad89d880',extremes,Heat Wave,#c40202,wmo,vročinski val mödling,2026-05-26T06:31:00+00:00,Austria,0.2520770455212163,4,1,sl,WCE,Europe
'b66c3705c1',extremes,Thunderstorm,#53785a,wmo,hudo vreme bruck an der leitha,2026-06-08T07:13:00+00:00,Austria,0.2520588563551533,2,1,sl,WCE,Europe
'43ad97d633',extremes,Thunderstorm,#53785a,wmo,hudo vreme avstrija,2026-05-26T06:31:00+00:00,Austria,0.2510520785553981,4,1,sl,WCE,Europe
'baffd48217',extremes,Precipitation,#d60d2b,wmo,naliv salzburg umgebung,2026-06-09T06:32:00+00:00,Austria,0.2495654534367437,3,1,sl,WCE,Europe
'ba0ba20b24',extremes,Precipitation,#d60d2b,wmo,dež steyr dežela,2026-06-10T06:49:00+00:00,Austria,0.2481106585581007,3,1,sl,WCE,Europe
'55969daa2c',extremes,Thunderstorm,#53785a,wmo,hudo vreme melk,2026-06-09T06:32:00+00:00,Austria,0.2469588722976312,2,1,sl,WCE,Europe
'b6d5d581d8',extremes,Thunderstorm,#53785a,wmo,toča wien simmering,2026-06-08T07:13:00+00:00,Austria,0.2466190757322569,2,1,sl,WCE,Europe
'5b8cf400f9',extremes,Iceberg,#d60d2b,random,ledena gora telitev,2026-05-24T06:22:00+00:00,,0.2460832255341901,3,1,sl,,
'4779e51516',extremes,Thunderstorm,#53785a,wmo,toča eisenstadt umgebung,2026-06-08T07:13:00+00:00,Austria,0.2460532409352747,2,1,sl,WCE,Europe
'6aad127a70',extremes,Heat Wave,#c40202,wmo,toplotni val wien simmering,2026-05-27T06:46:00+00:00,Austria,0.2459872739045537,4,1,sl,WCE,Europe
'27275eb16b',extremes,Thunderstorm,#53785a,wmo,nevihta wien ottakring,2026-06-08T07:13:00+00:00,Austria,0.2459826658968365,2,1,sl,WCE,Europe
'a6d92c97e9',extremes,Precipitation,#d60d2b,wmo,dež schwaz,2026-06-09T06:32:00+00:00,Austria,0.2445152807038816,3,1,sl,WCE,Europe
'a89147746d',extremes,Thunderstorm,#53785a,wmo,hudo vreme kampanija,2026-06-02T07:08:00+00:00,Italy,0.2445148524621235,2,1,sl,MED,Europe
'3fdb5dec1c',extremes,Precipitation,#d60d2b,wmo,dež innsbruck dežela,2026-06-09T06:32:00+00:00,Austria,0.2440772187641141,3,1,sl,WCE,Europe
'2d32b1d336',extremes,Precipitation,#d60d2b,wmo,naliv steyr dežela,2026-06-09T06:32:00+00:00,Austria,0.243968026629783,3,1,sl,WCE,Europe
'0392d8d3fc',extremes,Heat Wave,#c40202,wmo,vročinski val wien brigittenau,2026-05-27T06:46:00+00:00,Austria,0.2436858154387842,4,1,sl,WCE,Europe
'08fe1daacf',extremes,Earthquake,#870007,usgs,potres san lucido,2026-06-08T07:13:00+00:00,Italy,0.2435400845936564,2,1,sl,MED,Europe
'9f4b84ea43',extremes,Drought,#edc291,edo,pomanjkanje dežja slovenija,2026-06-02T07:08:00+00:00,Slovenia,0.2431230736185908,5,1,sl,WCE,Europe
'f67437f742',extremes,Precipitation,#d60d2b,wmo,nalivi innsbruck stadt,2026-06-10T06:49:00+00:00,Austria,0.2431181110261084,3,1,sl,WCE,Europe
'e38aeb4a3f',extremes,Thunderstorm,#53785a,wmo,nevihta slovenija jugozahod,2026-06-02T07:08:00+00:00,Slovenia,0.2426068370772144,6,1,sl,WCE,Europe
'0390a81ba8',extremes,Precipitation,#d60d2b,wmo,naliv völkermarkt,2026-06-10T06:49:00+00:00,Austria,0.2422667826591452,3,1,sl,WCE,Europe
'add797bdd0',extremes,Heat Wave,#c40202,wmo,toplotni val gänserndorf,2026-05-27T06:46:00+00:00,Austria,0.2418400644277436,4,1,sl,WCE,Europe
'fc8da727d7',extremes,Precipitation,#d60d2b,wmo,nalivi feldkirchen,2026-06-10T06:49:00+00:00,Austria,0.2416612882773599,3,1,sl,WCE,Europe
'1b2f9b6a7c',extremes,Precipitation,#d60d2b,wmo,dež hermagor,2026-06-09T06:32:00+00:00,Austria,0.2412995683845821,3,1,sl,WCE,Europe
'e8e2c404c4',extremes,Flood,#030ba1,wmo,poplava dravinja,2026-06-10T06:49:00+00:00,Slovenia,0.2410831483501921,5,1,sl,WCE,Europe
'3da2bcf2b2',extremes,Precipitation,#d60d2b,wmo,naliv zell am see,2026-06-09T06:32:00+00:00,Austria,0.2410406083770245,3,1,sl,WCE,Europe
'10e4d9ffb7',extremes,Storm,#b3b2b1,wmo,storm surge slovenija,2026-05-26T06:31:00+00:00,Slovenia,0.2408643050535985,6,1,sl,WCE,Europe
'5022ceabea',extremes,Storm,#b3b2b1,wmo,storm surge abruzzo,2026-06-02T07:08:00+00:00,Italy,0.2403981732357989,2,1,sl,MED,Europe
'e5ec1fefb4',extremes,Storm,#b3b2b1,wmo,nevihta slovenija osrednja,2026-06-08T07:13:00+00:00,Slovenia,0.2402465395454305,6,1,sl,WCE,Europe
'45500dcb47',extremes,Precipitation,#d60d2b,random,rekordna količina padavin,2026-06-10T06:49:00+00:00,,0.2394345122492867,3,1,sl,,
'2f29de263e',extremes,Precipitation,#d60d2b,wmo,dež sankt johann im pongau,2026-06-10T06:49:00+00:00,Austria,0.2393330496110966,3,1,sl,WCE,Europe
'59b5340b69',extremes,Precipitation,#d60d2b,random,vremenska fronta,2026-06-04T07:06:00+00:00,,0.2391973546190224,2,1,sl,,
'560b05d603',extremes,Heat Wave,#c40202,random,vročinski val,2026-05-21T06:34:00+00:00,,0.2390917667709519,3,1,sl,,
'fceb636b46',extremes,Storm,#b3b2b1,wmo,storm surge hartberg fürstenfeld,2026-05-27T06:46:00+00:00,Austria,0.238940457624005,4,1,sl,WCE,Europe
'efb002bcd6',extremes,Heat Wave,#c40202,wmo,vročinski val eisenstadt stadt,2026-05-27T06:46:00+00:00,Austria,0.23878571393916,4,1,sl,WCE,Europe
'fc9e6dfe74',extremes,Precipitation,#d60d2b,wmo,dež celovška dežela,2026-06-10T06:49:00+00:00,Austria,0.2387298479813856,3,1,sl,WCE,Europe
'd2b5043a66',extremes,Cold Wave,#a7e9fa,random,najnižja minimalna temperatura,2026-06-03T07:22:00+00:00,,0.2387051410486087,3,1,sl,,
'367efc68df',extremes,Storm,#b3b2b1,wmo,nevihta slovenija jugovzhod,2026-06-03T07:23:00+00:00,Slovenia,0.2384975721004359,6,1,sl,WCE,Europe
'997d3a0b2a',extremes,Heat Wave,#c40202,wmo,vročinski val wien leopoldstadt,2026-05-27T06:46:00+00:00,Austria,0.2382173018083323,4,1,sl,WCE,Europe
'3b472a2981',extremes,Heat Wave,#c40202,wmo,vročinski val wels stadt,2026-05-24T06:22:00+00:00,Austria,0.2378753495203357,3,1,sl,WCE,Europe
'cb3444b1b7',extremes,Precipitation,#d60d2b,wmo,nalivi voitsberg,2026-06-10T06:49:00+00:00,Austria,0.2376143563925389,3,1,sl,WCE,Europe
'd9e596d278',extremes,Drought,#edc291,edo,suša avstrija,2026-05-26T06:31:00+00:00,Austria,0.2373470037099681,5,1,sl,WCE,Europe
'80b0e59995',extremes,Heat Wave,#c40202,wmo,vročinski val bruck an der leitha,2026-05-27T06:46:00+00:00,Austria,0.2371150612978231,4,1,sl,WCE,Europe
'dc24eb9c61',extremes,Precipitation,#d60d2b,wmo,hudourniški dež beljak dežela,2026-06-09T06:32:00+00:00,Austria,0.2370211859897963,3,1,sl,WCE,Europe
'd4b40d7444',extremes,Storm,#b3b2b1,wmo,nevihta Klagenfurt Stadt,2026-05-27T06:46:00+00:00,Austria,0.2365212448320756,4,1,sl,WCE,Europe
'995db3fa05',extremes,Heat Wave,#c40202,wmo,vročinski val avstrija,2026-05-24T06:22:00+00:00,Austria,0.236205848228088,5,1,sl,WCE,Europe
'519e9b6757',extremes,Thunderstorm,#53785a,wmo,toča rust stadt,2026-05-30T06:01:00+00:00,Austria,0.2360950332264287,4,1,sl,WCE,Europe
'f7145da7ba',extremes,Precipitation,#d60d2b,wmo,naliv feldkirchen,2026-06-09T06:32:00+00:00,Austria,0.2358900640487876,3,1,sl,WCE,Europe
'1a3f19d839',extremes,Heat Wave,#c40202,wmo,vročinski val wien ottakring,2026-05-26T06:31:00+00:00,Austria,0.2356686791000373,3,1,sl,WCE,Europe
'59c47363f8',extremes,Storm,#b3b2b1,wmo,nevihta slovenija severozahod,2026-06-02T07:08:00+00:00,Slovenia,0.235655747175912,6,1,sl,WCE,Europe
'b1be5f6528',extremes,Heat Wave,#c40202,wmo,vročinski val wien innere stadt,2026-05-26T06:31:00+00:00,Austria,0.2356183395542468,3,1,sl,WCE,Europe
'd1f7a8224c',extremes,Thunderstorm,#53785a,wmo,nevihta leibnitz,2026-05-26T06:31:00+00:00,Austria,0.2355605152429875,4,1,sl,WCE,Europe
'9895f39f78',extremes,Heat Wave,#c40202,wmo,vročinski val neunkirchen,2026-05-27T06:46:00+00:00,Austria,0.2355533891780276,4,1,sl,WCE,Europe
'9d1377813a',extremes,Storm,#b3b2b1,wmo,nevihtni val wien wieden,2026-06-09T06:32:00+00:00,Austria,0.2354348100096826,4,1,sl,WCE,Europe
'b5a0fd1e63',extremes,Storm,#b3b2b1,wmo,nevihtni val bruck mürzzuschlag,2026-06-07T06:48:00+00:00,Austria,0.2353193633169345,4,1,sl,WCE,Europe
'41f8e83a51',extremes,Precipitation,#d60d2b,wmo,padavine beljak zemljišče,2026-06-10T06:49:00+00:00,Austria,0.2352940369239105,3,1,sl,WCE,Europe
'e303cbe15e',extremes,Thunderstorm,#53785a,wmo,toča mödling,2026-06-08T07:13:00+00:00,Austria,0.2350643086223026,4,1,sl,WCE,Europe
'c1940327ca',extremes,Thunderstorm,#53785a,wmo,nevihta slovenija,2026-05-27T06:46:00+00:00,Slovenia,0.2350065515601956,5,1,sl,WCE,Europe
'0ae1735bf6',extremes,Thunderstorm,#53785a,wmo,toča eisenstadt stadt,2026-06-08T07:13:00+00:00,Austria,0.234874968059969,4,1,sl,WCE,Europe
'ddf73912d5',extremes,Heat Wave,#c40202,wmo,vročinski val wien margareten,2026-05-27T06:46:00+00:00,Austria,0.2348388755107014,4,1,sl,WCE,Europe
'1941e8a7b0',extremes,Storm,#b3b2b1,wmo,nevihta wien währing,2026-06-09T06:32:00+00:00,Austria,0.2348068506800666,4,1,sl,WCE,Europe
'61ee2ec5b8',extremes,Drought,#edc291,edo,suša slovenija,2026-05-20T06:33:00+00:00,Slovenia,0.2345838400051374,4,1,sl,WCE,Europe
'ab27a710cb',extremes,Storm,#b3b2b1,wmo,nevihtni val zell am see,2026-06-04T07:06:00+00:00,Austria,0.2339910871631139,4,1,sl,WCE,Europe
'd8a5da71d5',extremes,Precipitation,#d60d2b,wmo,padavine murtal,2026-06-09T06:32:00+00:00,Austria,0.233407981383825,3,1,sl,WCE,Europe
'f5257af514',extremes,Storm,#b3b2b1,wmo,nevihta feldkirchen,2026-05-27T06:46:00+00:00,Austria,0.2333587181769333,4,1,sl,WCE,Europe
'028b8a95f1',extremes,Thunderstorm,#53785a,wmo,toča waidhofen an der ybbs stadt,2026-05-30T06:01:00+00:00,Austria,0.2330829527648248,4,1,sl,WCE,Europe
'9a5e0b935b',extremes,Storm,#b3b2b1,wmo,nevihtni val wien döbling,2026-06-09T06:32:00+00:00,Austria,0.2329810791001837,4,1,sl,WCE,Europe
'1f56b7bc78',extremes,Thunderstorm,#53785a,wmo,nevihta villach stadt,2026-06-08T07:13:00+00:00,Austria,0.2325899348158354,4,1,sl,WCE,Europe
'7a020e86c6',extremes,Storm,#b3b2b1,wmo,nevihtni val wien alsergrund,2026-06-08T07:13:00+00:00,Austria,0.2324655440461706,4,1,sl,WCE,Europe
'b4a448711b',extremes,Heat Wave,#c40202,wmo,vročinski val italija,2026-06-09T06:32:00+00:00,Italy,0.2320440859183433,3,1,sl,MED,Europe
'4c9135efe3',extremes,Heat Wave,#c40202,wmo,vročinski val salzburg umgebung,2026-05-25T06:53:00+00:00,Austria,0.2315941376001985,5,1,sl,WCE,Europe
'5e3f328cdd',extremes,Storm,#b3b2b1,wmo,nevihta voitsberg,2026-05-27T06:46:00+00:00,Austria,0.231245828427315,4,1,sl,WCE,Europe
'dd82a59b95',extremes,Storm,#b3b2b1,wmo,storm surge linz land,2026-06-04T07:06:00+00:00,Austria,0.2306051974703262,4,1,sl,WCE,Europe
'a63f9dc498',extremes,Heat Wave,#c40202,wmo,vročinski val innsbruška dežela,2026-05-24T06:22:00+00:00,Austria,0.2305984501631383,5,1,sl,WCE,Europe
'0f6554c103',extremes,Thunderstorm,#53785a,wmo,toča feldkirchen,2026-05-31T06:40:00+00:00,Austria,0.2305299421610205,4,1,sl,WCE,Europe
'576c17e8df',extremes,Heat Wave,#c40202,wmo,vročinski val hallein,2026-05-25T06:53:00+00:00,Austria,0.230387694474234,5,1,sl,WCE,Europe
'ffd0f40ec7',extremes,Thunderstorm,#53785a,wmo,hudo vreme korneuburg,2026-06-08T07:13:00+00:00,Austria,0.2303272481867443,4,1,sl,WCE,Europe
'23ac100060',extremes,Heat Wave,#c40202,wmo,toplotni val celovška dežela,2026-05-25T06:53:00+00:00,Austria,0.2302088069217638,5,1,sl,WCE,Europe
'68b1e924ba',extremes,Thunderstorm,#53785a,wmo,toča mattersburg,2026-05-30T06:01:00+00:00,Austria,0.230120995082891,4,1,sl,WCE,Europe
'191282e733',extremes,Thunderstorm,#53785a,wmo,hudo vreme wien donaustadt,2026-05-30T06:01:00+00:00,Austria,0.2299520938107875,4,1,sl,WCE,Europe
'0918c68712',extremes,Heat Wave,#c40202,wmo,vročinski val grieskirchen,2026-05-25T06:53:00+00:00,Austria,0.2295347526685354,5,1,sl,WCE,Europe
'25d361ff38',extremes,Heat Wave,#c40202,wmo,vročinski val dornbirn,2026-05-24T06:22:00+00:00,Austria,0.2294675397210831,5,1,sl,WCE,Europe
'8bbbd2e51b',extremes,Thunderstorm,#53785a,wmo,hudo vreme tulln,2026-05-30T06:01:00+00:00,Austria,0.2292899000799846,4,1,sl,WCE,Europe
'd46357b6a7',extremes,Thunderstorm,#53785a,wmo,hudo vreme grieskirchen,2026-05-30T06:01:00+00:00,Austria,0.2292656759301166,4,1,sl,WCE,Europe
'64ff005db8',extremes,Storm,#b3b2b1,wmo,nevihta waidhofen an der ybbs stadt,2026-06-08T07:13:00+00:00,Austria,0.2292248685712299,4,1,sl,WCE,Europe
'78aa7de781',extremes,Precipitation,#d60d2b,wmo,nalivi murtal,2026-06-10T06:49:00+00:00,Austria,0.2290144044559525,3,1,sl,WCE,Europe
'cb76411c7e',extremes,Storm,#b3b2b1,wmo,storm surge avstrija,2026-05-27T06:46:00+00:00,Austria,0.2289330136886466,5,1,sl,WCE,Europe
'fa1fc15861',extremes,Thunderstorm,#53785a,wmo,toča slovenija jugozahod,2026-05-26T06:31:00+00:00,Slovenia,0.2288965806694951,6,1,sl,WCE,Europe
'6710dcb262',extremes,Precipitation,#d60d2b,wmo,nalivi slovenija,2026-06-03T07:23:00+00:00,Slovenia,0.2287585475837767,6,1,sl,WCE,Europe
'60ac54a580',extremes,Storm,#b3b2b1,wmo,storm surge slovenija jugovzhod,2026-06-02T07:08:00+00:00,Slovenia,0.2284958712097332,6,1,sl,WCE,Europe
'035a101d98',extremes,Thunderstorm,#53785a,wmo,hudo vreme steyr land,2026-06-08T07:13:00+00:00,Austria,0.228414895993508,4,1,sl,WCE,Europe
'a7d6b2dbac',extremes,Storm,#b3b2b1,wmo,nevihta wiener neustadt stadt,2026-06-08T07:13:00+00:00,Austria,0.2280113760455187,4,1,sl,WCE,Europe
'a7dc4db3f7',extremes,Heat Wave,#c40202,wmo,vročinski val imst,2026-05-24T06:22:00+00:00,Austria,0.2278506040628038,5,1,sl,WCE,Europe
'596c6c15b4',extremes,Thunderstorm,#53785a,wmo,toča avstrija,2026-05-26T06:31:00+00:00,Austria,0.2276227419670986,5,1,sl,WCE,Europe
'cd26928722',extremes,Heat Wave,#c40202,wmo,vročinski val dežela Linz,2026-05-24T06:22:00+00:00,Austria,0.2275989505404948,5,1,sl,WCE,Europe
'000af0663c',extremes,Storm,#b3b2b1,wmo,storm surge steyr land,2026-05-30T06:01:00+00:00,Austria,0.2275946934743869,4,1,sl,WCE,Europe
'f91c4f95eb',extremes,Heat Wave,#c40202,wmo,toplotni val hermagor,2026-05-25T06:53:00+00:00,Austria,0.2275705040312544,5,1,sl,WCE,Europe
'4e2c70caba',extremes,Storm,#b3b2b1,wmo,nevihtni val perg,2026-05-30T06:01:00+00:00,Austria,0.2275661276296612,4,1,sl,WCE,Europe
'09f91cee0d',extremes,Storm,#b3b2b1,wmo,storm surge celovška dežela,2026-05-31T06:40:00+00:00,Austria,0.2275218312717448,4,1,sl,WCE,Europe
'7a78ef06d3',extremes,Thunderstorm,#53785a,wmo,nevihta südoststeiermark,2026-05-27T06:46:00+00:00,Austria,0.2274938493497352,3,1,sl,WCE,Europe
'dd13d2a5e1',extremes,Storm,#b3b2b1,wmo,storm surge feldkirchen,2026-06-10T06:49:00+00:00,Austria,0.2274054541866426,4,1,sl,WCE,Europe
'538ad91bbf',extremes,Heat Wave,#c40202,wmo,vročinski val voitsberg,2026-05-24T06:22:00+00:00,Austria,0.2271931716673065,5,1,sl,WCE,Europe
'a37d69084b',extremes,Heat Wave,#c40202,wmo,vročinski val feldkirch,2026-05-24T06:22:00+00:00,Austria,0.2270490241313931,5,1,sl,WCE,Europe
'de37eb7f33',extremes,Heat Wave,#c40202,wmo,vročinski val perg,2026-05-24T06:22:00+00:00,Austria,0.2270365064392648,5,1,sl,WCE,Europe
'134e08bc63',extremes,Thunderstorm,#53785a,wmo,nevihta wien innere stadt,2026-06-08T07:13:00+00:00,Austria,0.2269603792546556,4,1,sl,WCE,Europe
'42d798f1a2',extremes,Storm,#b3b2b1,wmo,nevihta weiz,2026-05-26T06:31:00+00:00,Austria,0.2268883783340788,4,1,sl,WCE,Europe
'5dd4b0774d',extremes,Heat Wave,#c40202,wmo,"vročinski val, ki se širi",2026-05-24T06:22:00+00:00,Austria,0.2268698699889385,5,1,sl,WCE,Europe
'2c800f732b',extremes,Storm,#b3b2b1,wmo,storm surge murtal,2026-05-26T06:31:00+00:00,Austria,0.2268384816931821,4,1,sl,WCE,Europe
'7dcbd4aca7',extremes,Heat Wave,#c40202,wmo,vročinski val sankt johann im pongau,2026-05-25T06:53:00+00:00,Austria,0.2267554351201673,5,1,sl,WCE,Europe
'a2866cdb74',extremes,Thunderstorm,#53785a,wmo,toča braunau am inn,2026-05-30T06:01:00+00:00,Austria,0.2264997882205849,4,1,sl,WCE,Europe
'26ad6b04a8',extremes,Heat Wave,#c40202,wmo,heat wave deutschlandsberg,2026-05-24T06:22:00+00:00,Austria,0.2264977279058999,5,1,sl,WCE,Europe
'7ca8cec803',extremes,Storm,#b3b2b1,wmo,nevihta rohrbach,2026-05-30T06:01:00+00:00,Austria,0.2264583134000111,4,1,sl,WCE,Europe
'5b68a02c0c',extremes,Storm,#b3b2b1,wmo,nevihta graz umgebung,2026-05-27T06:46:00+00:00,Austria,0.2263704409673186,4,1,sl,WCE,Europe
'ea488d3fcb',extremes,Storm,#b3b2b1,wmo,nevihtni val neunkirchen,2026-05-30T06:01:00+00:00,Austria,0.2263686325784036,4,1,sl,WCE,Europe
'e8868a4bc2',extremes,Thunderstorm,#53785a,wmo,nevihta dežela Linz,2026-05-30T06:01:00+00:00,Austria,0.2263186508086687,4,1,sl,WCE,Europe
'7b00304a35',extremes,Thunderstorm,#53785a,wmo,nevihta wien josefstadt,2026-06-08T07:13:00+00:00,Austria,0.2262116304614839,4,1,sl,WCE,Europe
'9c74be65b8',extremes,Heat Wave,#c40202,wmo,toplotni val schärding,2026-05-24T06:22:00+00:00,Austria,0.2261086481644232,5,1,sl,WCE,Europe
'2deb4465c1',extremes,Storm,#b3b2b1,wmo,nevihta wien innere stadt,2026-06-09T06:32:00+00:00,Austria,0.2260726008119397,4,1,sl,WCE,Europe
'6a7ad15d32',extremes,Heat Wave,#c40202,wmo,vročinski val ried im innkreis,2026-05-25T06:53:00+00:00,Austria,0.2258947224430067,5,1,sl,WCE,Europe
'898a796b8e',extremes,Precipitation,#d60d2b,wmo,padavine avstrija,2026-06-09T06:32:00+00:00,Austria,0.2256435757371333,4,1,sl,WCE,Europe
'8023f8dcd3',extremes,Storm,#b3b2b1,wmo,nevihtni val wien leopoldstadt,2026-06-08T07:13:00+00:00,Austria,0.2253811136258772,4,1,sl,WCE,Europe
'0632a85904',extremes,Storm,#b3b2b1,wmo,nevihta eisenstadt stadt,2026-06-09T06:32:00+00:00,Austria,0.2252775498889569,4,1,sl,WCE,Europe
'426dfc62d8',extremes,Storm,#b3b2b1,wmo,nevihtni val wien ottakring,2026-05-30T06:01:00+00:00,Austria,0.2251775142030571,4,1,sl,WCE,Europe
'31e23123bb',extremes,Thunderstorm,#53785a,wmo,nevihta wien neubau,2026-06-08T07:13:00+00:00,Austria,0.22508991895633887,4,1,sl,WCE,Europe
'72c859897b',extremes,Storm,#b3b2b1,wmo,storm surge wien favoriten,2026-06-08T07:13:00+00:00,Austria,0.2248529916700669,4,1,sl,WCE,Europe
'f65d206b41',extremes,Heat Wave,#c40202,wmo,vročinski val weiz,2026-05-24T06:22:00+00:00,Austria,0.2245558447445255,5,1,sl,WCE,Europe
'a5c4bf54b7',extremes,Storm,#b3b2b1,wmo,storm surge slovenija severovzhod,2026-05-27T06:46:00+00:00,Slovenia,0.2245173064783341,6,1,sl,WCE,Europe
'43eb4d9368',extremes,Heat Wave,#c40202,wmo,vročinski val eisenstadt umgebung,2026-05-26T06:31:00+00:00,Austria,0.2244222402663909,5,1,sl,WCE,Europe
'b69967b67a',extremes,Storm,#b3b2b1,wmo,nevihta grieskirchen,2026-06-04T07:06:00+00:00,Austria,0.2243955782835423,4,1,sl,WCE,Europe
'e2a645f9f9',extremes,Thunderstorm,#53785a,wmo,toča Sankt Pölten Stadt,2026-06-09T06:32:00+00:00,Austria,0.2242923185567644,3,1,sl,WCE,Europe
'948c5be429',extremes,Storm,#b3b2b1,wmo,nevihta slovenija severovzhod,2026-06-04T07:06:00+00:00,Slovenia,0.224209168635722,6,1,sl,WCE,Europe
'1dfd74518b',extremes,Thunderstorm,#53785a,wmo,nevihta urfahr umgebung,2026-06-04T07:06:00+00:00,Austria,0.2241967467672409,4,1,sl,WCE,Europe
'6a1fee712a',extremes,Thunderstorm,#53785a,wmo,hudo vreme,2026-06-08T07:13:00+00:00,Austria,0.2241154148209352,4,1,sl,WCE,Europe
'ea29f15a43',extremes,Storm,#b3b2b1,wmo,nevihtni val Klagenfurt Stadt,2026-06-10T06:49:00+00:00,Austria,0.2239269826733509,4,1,sl,WCE,Europe
'fccc1a846a',extremes,Heat Wave,#c40202,wmo,vročinski val Salzburg Stadt,2026-05-26T06:31:00+00:00,Austria,0.2238965631355344,5,1,sl,WCE,Europe
'741c6f2698',extremes,Storm,#b3b2b1,wmo,nevihtni val liezen,2026-06-04T07:06:00+00:00,Austria,0.2236003642553615,4,1,sl,WCE,Europe
'80cb0b129a',extremes,Heat Wave,#c40202,wmo,toplotni val gmunden,2026-05-26T06:31:00+00:00,Austria,0.223579134063537,5,1,sl,WCE,Europe
'4a50543915',extremes,Storm,#b3b2b1,wmo,nevihta wien döbling,2026-05-30T06:01:00+00:00,Austria,0.2234710309809221,4,1,sl,WCE,Europe
'239e071e31',extremes,Thunderstorm,#53785a,wmo,hudo vreme deutschlandsberg,2026-05-26T06:31:00+00:00,Austria,0.2234469896381998,3,1,sl,WCE,Europe
'e8dc897411',extremes,Thunderstorm,#53785a,wmo,nevihta güssing,2026-06-09T06:32:00+00:00,Austria,0.2232834801985851,4,1,sl,WCE,Europe
'5968efe764',extremes,Precipitation,#d60d2b,wmo,dež avstrija,2026-06-09T06:32:00+00:00,Austria,0.2232369574509349,4,1,sl,WCE,Europe
'5d832bf6ca',extremes,Heat Wave,#c40202,wmo,vročinski val krems dežela,2026-05-26T06:31:00+00:00,Austria,0.2231613108633542,5,1,sl,WCE,Europe
'7ed517111e',extremes,Storm,#b3b2b1,wmo,nevihta wien floridsdorf,2026-05-30T06:01:00+00:00,Austria,0.2229345229160826,4,1,sl,WCE,Europe
'5132e858ef',extremes,Heat Wave,#c40202,wmo,vročinski val linz stadt,2026-05-26T06:31:00+00:00,Austria,0.2225699568185377,5,1,sl,WCE,Europe
'2480ec8b08',extremes,Storm,#b3b2b1,wmo,nevihta zwettl,2026-05-30T06:01:00+00:00,Austria,0.2224877396250138,4,1,sl,WCE,Europe
'c4f1f0cbf9',extremes,Iceberg,#d60d2b,random,ledena gora arctis,2026-06-12T07:05:00+00:00,,0.2224232537992649,3,1,sl,,
'e8ce2a44cb',extremes,Drought,#edc291,edo,suhost avstrija,2026-05-31T06:40:00+00:00,Austria,0.2222820817834185,5,1,sl,WCE,Europe
'14985412c7',extremes,Storm,#b3b2b1,wmo,nevihta tulln,2026-06-09T06:32:00+00:00,Austria,0.2222228589660733,4,1,sl,WCE,Europe
'768d0f8039',extremes,Heat Wave,#c40202,wmo,vročinski val beljaška dežela,2026-05-24T06:22:00+00:00,Austria,0.2221949074850664,5,1,sl,WCE,Europe
'0901d87837',extremes,Storm,#b3b2b1,wmo,storm surge salzburg umgebung,2026-06-04T07:06:00+00:00,Austria,0.2219577848566805,4,1,sl,WCE,Europe
'1d93f98a94',extremes,Heat Wave,#c40202,wmo,vročinski val dežela Sankt Pölten,2026-05-26T06:31:00+00:00,Austria,0.2218310385804776,5,1,sl,WCE,Europe
'538eadceb4',extremes,Heat Wave,#c40202,random,mila zima,2026-06-08T07:13:00+00:00,,0.22180546213436275,3,1,sl,,
'2705694fea',extremes,Storm,#b3b2b1,wmo,nevihta wien margareten,2026-05-30T06:01:00+00:00,Austria,0.2215820392291821,4,1,sl,WCE,Europe
'474ead12ad',extremes,Thunderstorm,#53785a,wmo,hudo vreme gänserndorf,2026-05-30T06:01:00+00:00,Austria,0.2211699712455283,4,1,sl,WCE,Europe
'b5291d6623',extremes,Heat Wave,#c40202,wmo,vročinski val zell am see,2026-05-26T06:31:00+00:00,Austria,0.2209416751677646,5,1,sl,WCE,Europe
'1103361e50',extremes,Heat Wave,#c40202,wmo,vročinski val oberpullendorf,2026-05-26T06:31:00+00:00,Austria,0.2209349470925808,5,1,sl,WCE,Europe
'2283c7084d',extremes,Storm,#b3b2b1,wmo,nevihta krems dežela,2026-05-30T06:01:00+00:00,Austria,0.2208968206619858,4,1,sl,WCE,Europe
'938ab50b92',extremes,Storm,#b3b2b1,wmo,nevihtni val wien meidling,2026-05-30T06:01:00+00:00,Austria,0.2207842666886003,4,1,sl,WCE,Europe
'b9bdd21b0b',extremes,Heat Wave,#c40202,wmo,vročinski val villach stadt,2026-05-26T06:31:00+00:00,Austria,0.2206095581603248,5,1,sl,WCE,Europe
'6bac11f33d',extremes,Storm,#b3b2b1,wmo,storm surge wien hernals,2026-05-30T06:01:00+00:00,Austria,0.2205941785928705,4,1,sl,WCE,Europe
'bb24a4fbb7',extremes,Precipitation,#d60d2b,wmo,naliv avstrija,2026-06-09T06:32:00+00:00,Austria,0.2203033548228309,4,1,sl,WCE,Europe
'8cfe36d839',extremes,Thunderstorm,#53785a,wmo,hudo vreme oberwart,2026-06-09T06:32:00+00:00,Austria,0.2202336588457735,4,1,sl,WCE,Europe
'b66b787572',extremes,Storm,#b3b2b1,wmo,nevihtni val villach stadt,2026-05-31T06:40:00+00:00,Austria,0.2199612318013646,4,1,sl,WCE,Europe
'f682496995',extremes,Heat Wave,#c40202,wmo,vročinski val wien mariahilf,2026-05-26T06:31:00+00:00,Austria,0.2198494634678643,5,1,sl,WCE,Europe
'65d5e9ca23',extremes,Thunderstorm,#53785a,wmo,toča mistelbach,2026-06-09T06:32:00+00:00,Austria,0.2197441375728769,3,1,sl,WCE,Europe
'7f4df5a8c8',extremes,Heat Wave,#c40202,wmo,vročinski val kirchdorf an der krems,2026-05-26T06:31:00+00:00,Austria,0.2195861301831128,5,1,sl,WCE,Europe
'7a65d80ba4',extremes,Storm,#b3b2b1,wmo,nevihtni val wien landstraße,2026-05-30T06:01:00+00:00,Austria,0.2195792106465676,4,1,sl,WCE,Europe
'6b90fdc424',extremes,Thunderstorm,#53785a,wmo,toča ried im innkreis,2026-05-30T06:01:00+00:00,Austria,0.2194600772003413,3,1,sl,WCE,Europe
'1726432452',extremes,Heat Wave,#c40202,wmo,toplotni val bludenz,2026-05-26T06:31:00+00:00,Austria,0.218967249744052,5,1,sl,WCE,Europe
'b8eb47bf7f',extremes,Heat Wave,#c40202,random,toplotna kupola,2026-06-07T06:48:00+00:00,,0.2181184391548892,3,1,sl,,
'adb5a636f0',extremes,Storm,#b3b2b1,wmo,nevihtni val wien josefstadt,2026-05-30T06:01:00+00:00,Austria,0.2180176871402324,4,1,sl,WCE,Europe
'd0cacfcd20',extremes,Heat Wave,#c40202,wmo,vročinski val wien währing,2026-05-26T06:31:00+00:00,Austria,0.2175871428026251,5,1,sl,WCE,Europe
'f3dbcbd8ae',extremes,Thunderstorm,#53785a,wmo,nevihta eisenstadt stadt,2026-05-30T06:01:00+00:00,Austria,0.2167563516646771,3,1,sl,WCE,Europe
'2d3a791b07',extremes,Storm,#b3b2b1,wmo,nevihta steyr stadt,2026-06-04T07:06:00+00:00,Austria,0.2165931935719715,4,1,sl,WCE,Europe
'12060a7df7',extremes,Storm,#b3b2b1,wmo,nevihtni val v Italiji,2026-05-24T06:22:00+00:00,Italy,0.2158971473867048,3,1,sl,MED,Europe
'829286e09c',extremes,Storm,#b3b2b1,wmo,nevihta gmünd,2026-06-04T07:06:00+00:00,Austria,0.2155830376455685,4,1,sl,WCE,Europe
'f4e1bf0fdf',extremes,Flood,#030ba1,random,izbruh ledeniškega jezera,2026-06-04T07:06:00+00:00,,0.2151739745826036,3,1,sl,,
'ee0686716b',extremes,Precipitation,#d60d2b,wmo,dež sankt veit an der glan,2026-06-09T06:32:00+00:00,Austria,0.2150184683049181,4,1,sl,WCE,Europe
'507412aefc',extremes,Storm,#b3b2b1,wmo,nevihta italija,2026-06-02T07:08:00+00:00,Italy,0.2144464893983193,3,1,sl,MED,Europe
'845dd2d698',extremes,Storm,#b3b2b1,random,tornado,2026-05-19T06:33:00+00:00,,0.2143376614676676,3,1,sl,,
'689c8000fb',extremes,Thunderstorm,#53785a,wmo,nevihta wien hietzing,2026-05-30T06:01:00+00:00,Austria,0.2135261446820584,3,1,sl,WCE,Europe
'8eb1f4e95d',extremes,Precipitation,#d60d2b,wmo,padavine graz stadt,2026-06-10T06:49:00+00:00,Austria,0.2135047041307679,4,1,sl,WCE,Europe
'0324557233',extremes,Thunderstorm,#53785a,wmo,toča bruck mürzzuschlag,2026-05-26T06:31:00+00:00,Austria,0.2132768560659572,3,1,sl,WCE,Europe
'717a6bd9f5',extremes,Thunderstorm,#53785a,wmo,nevihta eisenstadt umgebung,2026-05-30T06:01:00+00:00,Austria,0.2131891697647235,3,1,sl,WCE,Europe
'cb15bc1996',extremes,Heat Wave,#c40202,wmo,vročinski val Puglia,2026-06-01T07:30:00+00:00,Italy,0.2131692647805909,3,1,sl,MED,Europe
'988e61f2fb',extremes,Thunderstorm,#53785a,wmo,nevihta mistelbach,2026-05-30T06:01:00+00:00,Austria,0.2131447766769508,3,1,sl,WCE,Europe
'e628334236',extremes,Thunderstorm,#53785a,wmo,toča jennersdorf,2026-05-26T06:31:00+00:00,Austria,0.2129716249920741,3,1,sl,WCE,Europe
'172b246ca9',extremes,Thunderstorm,#53785a,wmo,toča wien hietzing,2026-06-08T07:13:00+00:00,Austria,0.21254383921717496,3,1,sl,WCE,Europe
'dc93a7fb55',extremes,Thunderstorm,#53785a,wmo,nevihta linz stadt,2026-05-30T06:01:00+00:00,Austria,0.2124666096409244,3,1,sl,WCE,Europe
'7eede06eba',extremes,Thunderstorm,#53785a,wmo,nevihta avstrija,2026-05-26T06:31:00+00:00,Austria,0.2123767478613579,5,1,sl,WCE,Europe
'149c9566f6',extremes,Thunderstorm,#53785a,wmo,toča villach land,2026-05-26T06:31:00+00:00,Austria,0.2121750235159922,3,1,sl,WCE,Europe
'5648577c5c',extremes,Earthquake,#870007,usgs,potres scarcelli,2026-06-02T07:08:00+00:00,Italy,0.2118639952342283,3,1,sl,MED,Europe
'c70cd98343',extremes,Thunderstorm,#53785a,wmo,hudo vreme Sankt Pölten Stadt,2026-05-30T06:01:00+00:00,Austria,0.2116074128047731,3,1,sl,WCE,Europe
'1bbfc173b3',extremes,Thunderstorm,#53785a,wmo,hudo vreme dežela Sankt Pölten,2026-05-30T06:01:00+00:00,Austria,0.2115060312676102,3,1,sl,WCE,Europe
'0bf13473f8',extremes,Precipitation,#d60d2b,wmo,dež gmunden,2026-06-09T06:32:00+00:00,Austria,0.2113323732669199,4,1,sl,WCE,Europe
'89eb6e2fd1',extremes,Thunderstorm,#53785a,wmo,nevihta gmunden,2026-05-30T06:01:00+00:00,Austria,0.2111708151167034,3,1,sl,WCE,Europe
'e666a22a29',extremes,Thunderstorm,#53785a,wmo,toča wien favoriten,2026-05-30T06:01:00+00:00,Austria,0.2110813688912657,3,1,sl,WCE,Europe
'06a287b1db',extremes,Thunderstorm,#53785a,wmo,toča dežela Steyr,2026-06-04T07:06:00+00:00,Austria,0.210811394250229,3,1,sl,WCE,Europe
'ed4b599f93',extremes,Thunderstorm,#53785a,wmo,toča sankt veit an der glan,2026-05-31T06:40:00+00:00,Austria,0.2105106379551763,3,1,sl,WCE,Europe
'649bb080e1',extremes,Heat Wave,#c40202,wmo,toplotni val lienz,2026-05-25T06:53:00+00:00,Austria,0.2104937583027193,4,1,sl,WCE,Europe
'603c5d3b6e',extremes,Precipitation,#d60d2b,wmo,padavine liezen,2026-06-09T06:32:00+00:00,Austria,0.2102242499612131,4,1,sl,WCE,Europe
'17fd707a98',extremes,Thunderstorm,#53785a,wmo,hudo vreme hollabrunn,2026-05-30T06:01:00+00:00,Austria,0.2101169254730988,3,1,sl,WCE,Europe
'4d9577e33d',extremes,Volcano,#b83202,random,vulkan,2026-05-21T06:34:00+00:00,,0.209671833753589,4,1,sl,,
'c366e9882a',extremes,Heat Wave,#c40202,wmo,toplotni val vöcklabruck,2026-05-25T06:53:00+00:00,Austria,0.2096323010598691,4,1,sl,WCE,Europe
'8490ecff73',extremes,Precipitation,#d60d2b,wmo,padavine hartberg fürstenfeld,2026-06-10T06:49:00+00:00,Austria,0.20957349709094486,4,1,sl,WCE,Europe
'e0f14a84be',extremes,Tropical Cyclone,#4f4f4f,random,nacionalni center za orkane,2026-05-28T06:38:00+00:00,,0.20932366402179609,3,1,sl,,
'27ecdd832f',extremes,Heat Wave,#c40202,wmo,vročinski val emilia e romagna,2026-05-27T06:46:00+00:00,Italy,0.2092344592524118,3,1,sl,MED,Europe
'5e29cd96b0',extremes,Precipitation,#d60d2b,wmo,nalivi italija,2026-05-28T06:38:00+00:00,Italy,0.209144534265289,3,1,sl,MED,Europe
'd83245de10',extremes,Thunderstorm,#53785a,wmo,nevihtni rog,2026-05-30T06:01:00+00:00,Austria,0.2090785767249526,3,1,sl,WCE,Europe
'a8955ad6a2',extremes,Cold Wave,#a7e9fa,random,mrzli udarec,2026-05-21T06:34:00+00:00,,0.2090333312805894,4,1,sl,,
'487c5ac39e',extremes,Thunderstorm,#53785a,wmo,toča wien leopoldstadt,2026-05-30T06:01:00+00:00,Austria,0.2088871359683842,3,1,sl,WCE,Europe
'283b154c38',extremes,Wet Spell,#d60d2b,random,mokri urok,2026-05-31T06:40:00+00:00,,0.208396729550927,4,1,sl,,
'40f675561f',extremes,Heat Wave,#c40202,random,najbolj vroče poletje,2026-05-22T06:31:00+00:00,,0.2082493703476586,4,1,sl,,
'1617d2c7c8',extremes,Precipitation,#d60d2b,wmo,padavine hallein,2026-06-10T06:49:00+00:00,Austria,0.20809237997566052,4,1,sl,WCE,Europe
'ce37661cdd',extremes,Cold Wave,#a7e9fa,random,najhladnejši dan,2026-05-26T06:31:00+00:00,,0.2080345040128584,4,1,sl,,
'd68a82ca1a',extremes,Thunderstorm,#53785a,wmo,toča lilienfeld,2026-05-30T06:01:00+00:00,Austria,0.2079384848756536,3,1,sl,WCE,Europe
'b457c4ae91',extremes,Storm,#b3b2b1,wmo,storm surge slovenija severozahod,2026-06-03T07:23:00+00:00,Slovenia,0.207841249252602,7,1,sl,WCE,Europe
'0053afc92f',extremes,Volcano,#b83202,random,lahar,2026-05-20T06:32:00+00:00,,0.2078135237026301,4,1,sl,,
'5b39215bbc',extremes,Thunderstorm,#53785a,wmo,hudo vreme mrt,2026-06-07T06:48:00+00:00,Austria,0.2078040582460728,3,1,sl,WCE,Europe
'c5688951bb',extremes,Thunderstorm,#53785a,wmo,nevihta kirchdorf an der krems,2026-06-04T07:06:00+00:00,Austria,0.2077784184937097,3,1,sl,WCE,Europe
'd804d7891f',extremes,Thunderstorm,#53785a,wmo,hudo vreme wien alsergrund,2026-05-30T06:01:00+00:00,Austria,0.2075082958861708,3,1,sl,WCE,Europe
'51f6808ed3',extremes,Thunderstorm,#53785a,wmo,nevihta ligurija,2026-05-29T06:38:00+00:00,Italy,0.2073808612752106,3,1,sl,MED,Europe
'45480a05ce',extremes,Tropical Cyclone,#4f4f4f,random,tajfun,2026-05-23T05:52:00+00:00,,0.2071845414604669,4,1,sl,,
'373a7dee66',extremes,Heat Wave,#c40202,wmo,vročinski val feldkirchen,2026-05-25T06:53:00+00:00,Austria,0.2071302550844251,4,1,sl,WCE,Europe
'41ceaf1734',extremes,Thunderstorm,#53785a,wmo,nevihta spittal an der Drau,2026-06-07T06:48:00+00:00,Austria,0.2067989117221572,3,1,sl,WCE,Europe
'c83f84aa0c',extremes,Heat Wave,#c40202,wmo,toplotni val wien alsergrund,2026-05-27T06:46:00+00:00,Austria,0.2067899615894073,5,1,sl,WCE,Europe
'b8c71b51f2',extremes,Thunderstorm,#53785a,wmo,toča wels land,2026-05-30T06:01:00+00:00,Austria,0.2067206898370859,3,1,sl,WCE,Europe
'7a3935df7e',extremes,Heat Wave,#c40202,wmo,toplotni val kufstein,2026-05-25T06:53:00+00:00,Austria,0.206679232132028,4,1,sl,WCE,Europe
'35cc624894',extremes,Thunderstorm,#53785a,wmo,toča amstetten,2026-06-04T07:06:00+00:00,Austria,0.206470101344794,3,1,sl,WCE,Europe
'37c2f83cd3',extremes,Heat Wave,#c40202,wmo,vročinski val wien josefstadt,2026-05-26T06:31:00+00:00,Austria,0.2063033849791421,5,1,sl,WCE,Europe
'4c8bd3e4d4',extremes,Insect Infestation,#d60d2b,random,kobilice,2026-06-06T06:08:00+00:00,,0.2062420433412829,4,1,sl,,
'03e0919b9b',extremes,Precipitation,#d60d2b,wmo,padavine murau,2026-06-09T06:32:00+00:00,Austria,0.2061912800565891,4,1,sl,WCE,Europe
'80462e91eb',extremes,Tropical Cyclone,#4f4f4f,random,ciklon,2026-05-27T06:46:00+00:00,,0.2055898425083941,4,1,sl,,
'8447ef896b',extremes,Snow&Ice,#d60d2b,random,snežna brozga,2026-06-06T06:08:00+00:00,,0.2055433963462443,4,1,sl,,
'ea87be5bd8',extremes,Heat Wave,#c40202,random,žgoča temperatura,2026-05-25T06:52:00+00:00,,0.2052282393269323,3,1,sl,,
'ccefefc59e',extremes,Drought,#edc291,random,hitra suša,2026-05-22T06:31:00+00:00,,0.2050046570007376,3,1,sl,,
'0301a561b6',extremes,Thunderstorm,#53785a,wmo,toča Puglia,2026-06-02T07:08:00+00:00,Italy,0.20483616731368404,3,1,sl,MED,Europe
'3c30d569cd',extremes,Thunderstorm,#53785a,wmo,nevihta dornbirn,2026-05-31T06:40:00+00:00,Austria,0.2046159863876573,3,1,sl,WCE,Europe
'a76c313df9',extremes,Heat Wave,#c40202,wmo,heat wave bregenz,2026-05-25T06:53:00+00:00,Austria,0.2046155024440661,4,1,sl,WCE,Europe
'0568f120c7',extremes,Heat Wave,#c40202,wmo,vročinski val innsbruck stadt,2026-05-24T06:22:00+00:00,Austria,0.2044920440864645,4,1,sl,WCE,Europe
'6be9519179',extremes,Cold Wave,#a7e9fa,random,hladen val,2026-06-02T07:08:00+00:00,,0.2043346436260066,3,1,sl,,
'fa9e452d04',extremes,Precipitation,#d60d2b,random,nevihta,2026-05-25T06:52:00+00:00,,0.2042154275709976,4,1,sl,,
'e69dc31d69',extremes,Thunderstorm,#53785a,wmo,toča Sankt Johann im Pongau,2026-06-07T06:48:00+00:00,Austria,0.2040587620411844,3,1,sl,WCE,Europe
'56374e5b62',extremes,Heat Wave,#c40202,wmo,vročinski val güssing,2026-05-25T06:53:00+00:00,Austria,0.2038167632275727,4,1,sl,WCE,Europe
'eecd031bb8',extremes,Thunderstorm,#53785a,wmo,toča murtal,2026-05-27T06:46:00+00:00,Austria,0.2035779236975173,5,1,sl,WCE,Europe
'515c050086',extremes,Heat Wave,#c40202,wmo,vročinski val graz stadt,2026-05-24T06:22:00+00:00,Austria,0.2033165138324173,4,1,sl,WCE,Europe
'16aa48504a',extremes,Cold Wave,#a7e9fa,random,kapljice živega srebra,2026-05-23T05:52:00+00:00,,0.2030893706285673,4,1,sl,,
'065a434526',extremes,Storm,#b3b2b1,wmo,nevihta abruzzo,2026-06-04T07:06:00+00:00,Italy,0.2027730155707929,3,1,sl,MED,Europe
'50de04165f',extremes,Thunderstorm,#53785a,wmo,thunderstorm marche,2026-06-03T07:23:00+00:00,Italy,0.2027658358488913,3,1,sl,MED,Europe
'e87fa58c84',extremes,Precipitation,#d60d2b,wmo,nalivi klagenfurt stadt,2026-06-10T06:49:00+00:00,Austria,0.2027593276122933,4,1,sl,WCE,Europe
'1339ca75ae',extremes,Thunderstorm,#53785a,wmo,toča,2026-06-01T07:30:00+00:00,Italy,0.2023484604342994,3,1,sl,MED,Europe
'2cce7328e9',extremes,Storm,#b3b2b1,wmo,nevihta ligurija,2026-06-01T07:30:00+00:00,Italy,0.2023214213939551,3,1,sl,MED,Europe
'b1d56de062',extremes,Snow&Ice,#d60d2b,random,inje,2026-05-21T06:34:00+00:00,,0.2013936125841456,4,1,sl,,
'338cd644ea',extremes,Storm,#b3b2b1,wmo,nevihta graz stadt,2026-05-27T06:46:00+00:00,Austria,0.201309929810931,5,1,sl,WCE,Europe
'f6c91174d0',extremes,Heat Wave,#c40202,wmo,heat wave wien liesing,2026-05-26T06:31:00+00:00,Austria,0.2004620969923917,4,1,sl,WCE,Europe
'776fe47817',extremes,Wildfire,#d60d2b,random,gozdni požar,2026-05-18T06:38:00+00:00,,0.2001601404324574,3,1,sl,,
'5a66b177fc',extremes,Thunderstorm,#53785a,wmo,toča gmünd,2026-05-30T06:01:00+00:00,Austria,0.1998885252210944,5,1,sl,WCE,Europe
'95b2881221',extremes,Precipitation,#d60d2b,random,atmosferski rek,2026-06-01T07:30:00+00:00,,0.1982132806165905,4,1,sl,,
'f7a0f1c060',extremes,Cold Wave,#a7e9fa,random,najhladnejše leto,2026-05-18T06:38:00+00:00,,0.1967976953814488,3,1,sl,,
'7104ad3c83',extremes,Thunderstorm,#53785a,wmo,nevihta italija,2026-05-27T06:46:00+00:00,Italy,0.1966021060838856,4,1,sl,MED,Europe
'f1099d6c48',extremes,Thunderstorm,#53785a,wmo,toča südoststeiermark,2026-05-26T06:31:00+00:00,Austria,0.1964606213195395,5,1,sl,WCE,Europe
'a5ff1cde4a',extremes,Drought,#edc291,random,vlažnost tal,2026-06-02T07:08:00+00:00,,0.1953497473082355,4,1,sl,,
'6b7e025bb3',extremes,Storm,#b3b2b1,random,vihar,2026-05-29T06:38:00+00:00,,0.1945688735857406,4,1,sl,,
'b4cd8bfe1e',extremes,ice jam,#d60d2b,random,poplava,2026-05-19T06:33:00+00:00,,0.1942861040541862,3,1,sl,,
'3b300588b4',extremes,Heat Wave,#c40202,wmo,toplotni val wien hietzing,2026-05-26T06:31:00+00:00,Austria,0.1934669404759899,4,1,sl,WCE,Europe
'f8a513bf41',extremes,Tropical Cyclone,#4f4f4f,random,medicane,2026-05-18T06:38:00+00:00,,0.192875983398516,3,1,sl,,
'd59a7e48d7',extremes,Drought,#edc291,random,evapotranspiracija,2026-05-26T06:31:00+00:00,,0.192614417687192,4,1,sl,,
'2c32502648',extremes,Precipitation,#d60d2b,wmo,dež slovenija,2026-06-04T07:06:00+00:00,Slovenia,0.1920905093674954,7,1,sl,WCE,Europe
'df7e5328ea',extremes,Cold Wave,#a7e9fa,random,hladno obdobje,2026-06-04T07:06:00+00:00,,0.1908796669183204,4,1,sl,,
'c6b47fe01a',extremes,Storm,#b3b2b1,wmo,storm surge slovenija jugozahod,2026-05-31T06:40:00+00:00,Slovenia,0.19086816274469434,7,1,sl,WCE,Europe
'1282213989',extremes,Thunderstorm,#53785a,wmo,hudo vreme oberpullendorf,2026-05-26T06:31:00+00:00,Austria,0.190800649485694,4,1,sl,WCE,Europe
'6423d3e9f5',extremes,Heat Wave,#c40202,wmo,vročinski val wien neubau,2026-05-26T06:31:00+00:00,Austria,0.190505817422275,6,1,sl,WCE,Europe
'b3e3f01e22',extremes,Heat Wave,#c40202,wmo,vročinski val wien penzing,2026-05-27T06:46:00+00:00,Austria,0.1901751444162595,4,1,sl,WCE,Europe
'f129d415a4',extremes,Storm,#b3b2b1,wmo,nevihta hermagor,2026-05-31T06:40:00+00:00,Austria,0.1897029331418608,5,1,sl,WCE,Europe
'9f05eaaf90',extremes,Drought,#edc291,edo,sušno obdobje na Islandiji,2026-05-21T06:35:00+00:00,Iceland,0.1893952492840714,3,1,sl,GIC,Europe
'ca0cc24a44',extremes,Thunderstorm,#53785a,wmo,toča voitsberg,2026-05-26T06:31:00+00:00,Austria,0.1892436590690886,4,1,sl,WCE,Europe
'3f340afd02',extremes,Precipitation,#d60d2b,wmo,nalivi ekvador,2026-05-23T05:53:00+00:00,Ecuador,0.1887826546550903,3,1,sl,NWS,South-America
'9801f8158e',extremes,Precipitation,#d60d2b,wmo,dež ekvador,2026-05-18T06:38:00+00:00,Ecuador,0.1886838644724115,3,1,sl,NWS,South-America
'980c77d360',extremes,Heat Wave,#c40202,wmo,vročinski val graz umgebung,2026-05-27T06:46:00+00:00,Austria,0.1886408551248978,4,1,sl,WCE,Europe
'226e93183d',extremes,Precipitation,#d60d2b,wmo,padavine na zahodnem območju,2026-05-21T06:35:00+00:00,New Zealand,0.1886121113379747,3,1,sl,NZ,Oceania
'aaee78223c',extremes,Precipitation,#d60d2b,wmo,naliv región litoral e interandina,2026-05-23T05:53:00+00:00,Ecuador,0.1885459973491081,3,1,sl,NWS,South-America
'4a4ee6b9d7',extremes,Storm,#b3b2b1,wmo,nevihtni val wien währing,2026-05-30T06:01:00+00:00,Austria,0.1880865861161766,5,1,sl,WCE,Europe
'ce4931e51e',extremes,Flood,#030ba1,wmo,hudourniška poplava južna avstralija Cooper Creek,2026-05-23T05:53:00+00:00,Australia,0.18751903383811,3,1,sl,CAU,Oceania
'c22c0da855',extremes,Precipitation,#d60d2b,wmo,padavine Kanada,2026-05-19T06:33:00+00:00,Canada,0.1873925092316118,3,1,sl,NEN,North-America
'0d1e3addbf',extremes,Storm,#b3b2b1,wmo,nevihta brazilija,2026-05-22T06:32:00+00:00,Brazil,0.1871565563949267,3,1,sl,SAM,South-America
'be647fc7a4',extremes,Storm,#b3b2b1,wmo,nevihtni val ekvador,2026-05-21T06:35:00+00:00,Ecuador,0.1871016730871317,3,1,sl,NWS,South-America
'3421a57149',extremes,Storm,#b3b2b1,wmo,nevihta ekvador,2026-05-18T06:38:00+00:00,Ecuador,0.1869767271006805,3,1,sl,NWS,South-America
'a4cf1e9346',extremes,Storm,#b3b2b1,wmo,nevihtni val katar,2026-05-19T06:33:00+00:00,Qatar,0.1868761518621624,3,1,sl,ARP,Asia
'7941ab1629',extremes,Snow&Ice,#d60d2b,wmo,snežna brazilija,2026-05-19T06:33:00+00:00,Brazil,0.1868418518074811,3,1,sl,SAM,South-America
'9e020e244e',extremes,Drought,#edc291,edo,suhost Poljska,2026-05-23T05:53:00+00:00,Poland,0.1868357537721732,3,1,sl,WCE,Europe
'c459d52add',extremes,Thunderstorm,#53785a,wmo,nevihta völkermarkt,2026-05-26T06:31:00+00:00,Austria,0.1864551605950979,4,1,sl,WCE,Europe
'618fa4963e',extremes,Storm,#b3b2b1,wmo,nevihta avstrija,2026-05-26T06:31:00+00:00,Austria,0.1856994791983235,6,1,sl,WCE,Europe
'3e2894fd0c',extremes,Iceberg,#d60d2b,random,antarktični morski led,2026-05-30T06:01:00+00:00,,0.1843771059298369,4,1,sl,,
'1737cff508',extremes,Thunderstorm,#53785a,wmo,nevihta melk,2026-06-04T07:06:00+00:00,Austria,0.1791948357828615,4,1,sl,WCE,Europe
'72b6332728',extremes,Snow&Ice,#d60d2b,random,snežni nalet,2026-06-03T07:22:00+00:00,,0.1577242183218603,5,1,sl,,
